stimulus_id,target,voice_type,voice_age,voice_gender,voice_exagg
719957929,Girls/women,BOTH spoken and sung,Adults (including young adults),Feminine,"No, all voices are normal-sounding"
719964214,Mixed,Spoken,Adults (including young adults),Masculine,Yes a masculine voice is gender exaggerated
719970645,Girls/women,Sung,Adults (including young adults),Feminine,Yes a feminine voice is gender exaggerated
719961998,Mixed,Spoken,Adults (including young adults),Feminine,"No, all voices are normal-sounding"
719960431,Girls/women,BOTH spoken and sung,Adults (including young adults),Feminine,Yes a feminine voice is gender exaggerated
719957504,Girls/women,Sung,Adults (including young adults),Feminine,Yes a feminine voice is gender exaggerated
719963201,Girls/women,Spoken,Adults (including young adults),Feminine,"No, all voices are normal-sounding"
719965537,Girls/women,Spoken,Adults (including young adults),Feminine,"No, all voices are normal-sounding"
719970515,Boys/men,There are no voices,There are no voices,There are no voices,There are no voices
719971539,Girls/women,BOTH spoken and sung,Adults (including young adults),Feminine,Yes a feminine voice is gender exaggerated
719967630,There are no actors/presenters or you can never see their faces,Spoken,Adults (including young adults),Masculine,"No, all voices are normal-sounding"
719967221,Boys/men,Spoken,Adults (including young adults),Masculine,"No, all voices are normal-sounding"
719970640,Girls/women,Spoken,Adults (including young adults),Feminine,Yes a feminine voice is gender exaggerated
719968534,Girls/women,BOTH spoken and sung,Adults (including young adults),Feminine,"No, all voices are normal-sounding"
719969319,Girls/women,BOTH spoken and sung,Adults (including young adults),Feminine,Yes a feminine voice is gender exaggerated
719963810,Girls/women,Sung,Adults (including young adults),Feminine,"No, all voices are normal-sounding"
719964371,Boys/men,Spoken,Adults (including young adults),Masculine,"No, all voices are normal-sounding"
719969556,There are no actors/presenters or you can never see their faces,Spoken,Adults (including young adults),BOTH feminine and masculine voices,"No, all voices are normal-sounding"
719971241,Mixed,Spoken,Adults (including young adults),Masculine,Yes a masculine voice is gender exaggerated
719966410,Boys/men,Spoken,Adults (including young adults),Masculine,Yes a masculine voice is gender exaggerated
719963214,There are no actors/presenters or you can never see their faces,Spoken,Adults (including young adults),Masculine,Yes a masculine voice is gender exaggerated
719968161,Girls/women,BOTH spoken and sung,Adults (including young adults),BOTH feminine and masculine voices,"No, all voices are normal-sounding"
719963372,Mixed,Spoken,Adults (including young adults),Masculine,"No, all voices are normal-sounding"
718318621,There are no actors/presenters or you can never see their faces,BOTH spoken and sung,Adults (including young adults),Feminine,Yes a feminine voice is gender exaggerated
719971366,Girls/women,BOTH spoken and sung,Adults (including young adults),Feminine,Yes a feminine voice is gender exaggerated
719968532,Mixed,Spoken,Adults (including young adults),Feminine,"No, all voices are normal-sounding"
719962448,Mixed,Spoken,Adults (including young adults),Masculine,"No, all voices are normal-sounding"
719968009,Mixed,BOTH spoken and sung,Adults (including young adults),Feminine,"No, all voices are normal-sounding"
719966883,Mixed,Spoken,Adults (including young adults),Masculine,"No, all voices are normal-sounding"
719962673,Boys/men,There are no voices,There are no voices,There are no voices,There are no voices
718318515,Boys/men,Spoken,Adults (including young adults),Masculine,"No, all voices are normal-sounding"
719971721,There are no actors/presenters or you can never see their faces,Sung,Adults (including young adults),BOTH feminine and masculine voices,"No, all voices are normal-sounding"
719968778,Boys/men,BOTH spoken and sung,Adults (including young adults),Masculine,Yes a masculine voice is gender exaggerated
719967503,Girls/women,BOTH spoken and sung,BOTH children and adults,Feminine,Yes a feminine voice is gender exaggerated
719965413,Mixed,Spoken,Adults (including young adults),Masculine,"No, all voices are normal-sounding"
719967191,Mixed,Spoken,Adults (including young adults),Masculine,"No, all voices are normal-sounding"
719965772,Mixed,Sung,Adults (including young adults),Feminine,Yes a feminine voice is gender exaggerated
719963194,Mixed,Spoken,Adults (including young adults),Masculine,"No, all voices are normal-sounding"
719965400,Mixed,Spoken,Adults (including young adults),Masculine,"No, all voices are normal-sounding"
719964977,There are no actors/presenters or you can never see their faces,Spoken,Adults (including young adults),BOTH feminine and masculine voices,"No, all voices are normal-sounding"
719966058,Mixed,Spoken,BOTH children and adults,BOTH feminine and masculine voices,"No, all voices are normal-sounding"
719966197,Mixed,BOTH spoken and sung,Adults (including young adults),Masculine,"No, all voices are normal-sounding"
719964039,Mixed,Spoken,Adults (including young adults),Feminine,"No, all voices are normal-sounding"
719962465,There are no actors/presenters or you can never see their faces,BOTH spoken and sung,Adults (including young adults),Feminine,Yes a feminine voice is gender exaggerated
719971098,Mixed,BOTH spoken and sung,BOTH children and adults,Feminine,"No, all voices are normal-sounding"
719965972,Mixed,Spoken,BOTH children and adults,BOTH feminine and masculine voices,"No, all voices are normal-sounding"
719965124,Boys/men,Spoken,Adults (including young adults),Masculine,Yes a masculine voice is gender exaggerated
719965047,Girls/women,BOTH spoken and sung,Adults (including young adults),Feminine,Yes a feminine voice is gender exaggerated
719963520,Mixed,Spoken,Adults (including young adults),Feminine,"No, all voices are normal-sounding"
719963581,Mixed,BOTH spoken and sung,Adults (including young adults),Masculine,"No, all voices are normal-sounding"
719965321,Mixed,Spoken,Children,BOTH feminine and masculine voices,"No, all voices are normal-sounding"
719965606,There are no actors/presenters or you can never see their faces,Spoken,Adults (including young adults),Masculine,Yes a masculine voice is gender exaggerated
719957503,Mixed,Spoken,Adults (including young adults),Feminine,"No, all voices are normal-sounding"
719964793,Boys/men,There are no voices,There are no voices,There are no voices,There are no voices
719969568,Mixed,Spoken,Adults (including young adults),Feminine,"No, all voices are normal-sounding"
719958905,Girls/women,BOTH spoken and sung,Adults (including young adults),Feminine,"No, all voices are normal-sounding"
719964958,Mixed,Spoken,Adults (including young adults),Masculine,"No, all voices are normal-sounding"
719965854,Girls/women,Spoken,Children,Feminine,"No, all voices are normal-sounding"
719964477,Boys/men,Spoken,Adults (including young adults),Masculine,"No, all voices are normal-sounding"
719962436,Girls/women,Spoken,Children,Feminine,Yes a feminine voice is gender exaggerated
719963654,Mixed,BOTH spoken and sung,BOTH children and adults,Feminine,Yes a feminine voice is gender exaggerated
719955265,Mixed,Spoken,Adults (including young adults),Masculine,"No, all voices are normal-sounding"
719962038,There are no actors/presenters or you can never see their faces,There are no voices,There are no voices,There are no voices,There are no voices
719968007,Boys/men,Spoken,BOTH children and adults,Masculine,"No, all voices are normal-sounding"
719958890,There are no actors/presenters or you can never see their faces,Spoken,Adults (including young adults),Masculine,Yes a masculine voice is gender exaggerated
719962979,Girls/women,Spoken,Adults (including young adults),Feminine,"No, all voices are normal-sounding"
719962452,Girls/women,Spoken,Adults (including young adults),Feminine,Yes a feminine voice is gender exaggerated
719953924,Boys/men,Spoken,Adults (including young adults),Masculine,Yes a masculine voice is gender exaggerated
719964779,Mixed,Spoken,Adults (including young adults),Masculine,"No, all voices are normal-sounding"
719970657,Boys/men,Spoken,Adults (including young adults),Masculine,Yes a masculine voice is gender exaggerated
719965612,Girls/women,BOTH spoken and sung,Adults (including young adults),Feminine,"No, all voices are normal-sounding"
719962748,Boys/men,Spoken,Adults (including young adults),Masculine,"No, all voices are normal-sounding"
719966884,There are no actors/presenters or you can never see their faces,Spoken,Adults (including young adults),Masculine,"No, all voices are normal-sounding"
719954951,There are no actors/presenters or you can never see their faces,BOTH spoken and sung,Adults (including young adults),Feminine,Yes a feminine voice is gender exaggerated
719962387,Girls/women,Spoken,Adults (including young adults),Feminine,Yes a feminine voice is gender exaggerated
719963521,Girls/women,Spoken,Adults (including young adults),Feminine,"No, all voices are normal-sounding"
719970395,Boys/men,Spoken,Adults (including young adults),Masculine,Yes a masculine voice is gender exaggerated
719968652,Mixed,BOTH spoken and sung,Adults (including young adults),Masculine,"No, all voices are normal-sounding"
719963122,Mixed,Spoken,Adults (including young adults),Feminine,"No, all voices are normal-sounding"
719969200,Boys/men,Spoken,Adults (including young adults),Masculine,Yes a masculine voice is gender exaggerated
719965138,Boys/men,There are no voices,There are no voices,There are no voices,There are no voices
718318716,Boys/men,Spoken,Adults (including young adults),Masculine,Yes a masculine voice is gender exaggerated
719957505,Mixed,Spoken,Adults (including young adults),Masculine,"No, all voices are normal-sounding"
719955282,Girls/women,Spoken,Children,Feminine,"No, all voices are normal-sounding"
719964699,Boys/men,Spoken,Adults (including young adults),Masculine,Yes a masculine voice is gender exaggerated
718318656,Girls/women,Spoken,Children,Feminine,Yes a feminine voice is gender exaggerated
719963977,Mixed,Spoken,Adults (including young adults),BOTH feminine and masculine voices,"No, all voices are normal-sounding"
719954303,Girls/women,BOTH spoken and sung,Adults (including young adults),Feminine,Yes a feminine voice is gender exaggerated
719966985,Girls/women,BOTH spoken and sung,Adults (including young adults),Feminine,Yes a feminine voice is gender exaggerated
719953936,There are no actors/presenters or you can never see their faces,Spoken,Adults (including young adults),Feminine,"No, all voices are normal-sounding"
719964466,There are no actors/presenters or you can never see their faces,Spoken,Adults (including young adults),Masculine,Yes a masculine voice is gender exaggerated
719966696,There are no actors/presenters or you can never see their faces,Spoken,Adults (including young adults),Masculine,Yes a masculine voice is gender exaggerated
719964640,Girls/women,Spoken,BOTH children and adults,Feminine,Yes a feminine voice is gender exaggerated
719968889,Boys/men,Spoken,Children,Masculine,"No, all voices are normal-sounding"
719958893,Boys/men,BOTH spoken and sung,Adults (including young adults),Masculine,Yes a masculine voice is gender exaggerated
719967877,Boys/men,Spoken,Adults (including young adults),Masculine,Yes a masculine voice is gender exaggerated
719965857,Mixed,Spoken,Adults (including young adults),Masculine,"No, all voices are normal-sounding"
719971250,There are no actors/presenters or you can never see their faces,Spoken,Adults (including young adults),Masculine,Yes a masculine voice is gender exaggerated
719962011,Boys/men,Spoken,Adults (including young adults),Masculine,Yes a masculine voice is gender exaggerated
719966698,There are no actors/presenters or you can never see their faces,Spoken,Adults (including young adults),Masculine,"No, all voices are normal-sounding"
719964532,Boys/men,Spoken,Adults (including young adults),Feminine,"No, all voices are normal-sounding"
719966896,Boys/men,Spoken,Adults (including young adults),Masculine,Yes a masculine voice is gender exaggerated
719966206,Boys/men,BOTH spoken and sung,BOTH children and adults,Masculine,"No, all voices are normal-sounding"
719964326,Mixed,Spoken,Adults (including young adults),Masculine,"No, all voices are normal-sounding"
719963880,Mixed,Spoken,Adults (including young adults),Feminine,Yes a feminine voice is gender exaggerated
719966987,There are no actors/presenters or you can never see their faces,Sung,Adults (including young adults),Feminine,"No, all voices are normal-sounding"
719963293,There are no actors/presenters or you can never see their faces,There are no voices,There are no voices,There are no voices,There are no voices
719959370,Mixed,BOTH spoken and sung,Adults (including young adults),Masculine,"No, all voices are normal-sounding"
719964541,Mixed,Spoken,Adults (including young adults),BOTH feminine and masculine voices,"No, all voices are normal-sounding"
719956470,Mixed,BOTH spoken and sung,Adults (including young adults),Masculine,"No, all voices are normal-sounding"
719957928,Mixed,Spoken,Adults (including young adults),Feminine,"No, all voices are normal-sounding"
719964620,Girls/women,Spoken,Adults (including young adults),Feminine,"No, all voices are normal-sounding"
719964461,Boys/men,Spoken,Adults (including young adults),Masculine,Yes a masculine voice is gender exaggerated
719964060,Girls/women,Spoken,Adults (including young adults),Feminine,"No, all voices are normal-sounding"
719967745,Girls/women,Spoken,Children,Feminine,"No, all voices are normal-sounding"
718318658,Boys/men,BOTH spoken and sung,Adults (including young adults),Masculine,"No, all voices are normal-sounding"
719970532,Boys/men,Spoken,Adults (including young adults),Masculine,"No, all voices are normal-sounding"
718318632,There are no actors/presenters or you can never see their faces,There are no voices,There are no voices,There are no voices,There are no voices
719966597,Boys/men,Spoken,Adults (including young adults),Masculine,"No, all voices are normal-sounding"
719954568,Girls/women,BOTH spoken and sung,Adults (including young adults),Feminine,Yes a feminine voice is gender exaggerated
719968879,There are no actors/presenters or you can never see their faces,Sung,Adults (including young adults),Masculine,"No, all voices are normal-sounding"
719965054,There are no actors/presenters or you can never see their faces,BOTH spoken and sung,Adults (including young adults),Feminine,Yes a feminine voice is gender exaggerated
719967753,Mixed,Spoken,Adults (including young adults),Masculine,"No, all voices are normal-sounding"
719964867,Mixed,Spoken,Adults (including young adults),Masculine,"No, all voices are normal-sounding"
719968008,There are no actors/presenters or you can never see their faces,Spoken,Adults (including young adults),Masculine,Yes a masculine voice is gender exaggerated
719968638,Girls/women,BOTH spoken and sung,Adults (including young adults),Feminine,Yes a feminine voice is gender exaggerated
719965780,Boys/men,Spoken,Adults (including young adults),Masculine,"No, all voices are normal-sounding"
719970397,Girls/women,BOTH spoken and sung,Adults (including young adults),Feminine,Yes a feminine voice is gender exaggerated
719968274,Girls/women,BOTH spoken and sung,Adults (including young adults),Feminine,"No, all voices are normal-sounding"
719968031,There are no actors/presenters or you can never see their faces,There are no voices,There are no voices,There are no voices,There are no voices
719953911,Mixed,Spoken,Children,Masculine,"No, all voices are normal-sounding"
719963041,There are no actors/presenters or you can never see their faces,There are no voices,There are no voices,There are no voices,There are no voices
719971249,Boys/men,BOTH spoken and sung,Adults (including young adults),Masculine,"No, all voices are normal-sounding"
719953966,Mixed,Spoken,Adults (including young adults),Masculine,Yes a masculine voice is gender exaggerated
719965406,Mixed,Spoken,Adults (including young adults),Masculine,"No, all voices are normal-sounding"
719963651,There are no actors/presenters or you can never see their faces,There are no voices,There are no voices,There are no voices,There are no voices
719968510,Boys/men,Spoken,BOTH children and adults,Masculine,"No, all voices are normal-sounding"
719966606,Boys/men,Spoken,Adults (including young adults),Masculine,"No, all voices are normal-sounding"
718318619,Girls/women,Spoken,Children,Feminine,Yes a feminine voice is gender exaggerated
719969846,Mixed,Spoken,Children,Feminine,Yes a feminine voice is gender exaggerated
719953997,Boys/men,Spoken,Adults (including young adults),Masculine,"No, all voices are normal-sounding"
719965536,Girls/women,Spoken,Adults (including young adults),Feminine,Yes a feminine voice is gender exaggerated
719968282,Mixed,Spoken,Adults (including young adults),Masculine,"No, all voices are normal-sounding"
719962511,There are no actors/presenters or you can never see their faces,Spoken,Adults (including young adults),Feminine,Yes a feminine voice is gender exaggerated
719965874,Boys/men,Spoken,Adults (including young adults),Masculine,"No, all voices are normal-sounding"
719967074,Girls/women,Spoken,Adults (including young adults),Feminine,"No, all voices are normal-sounding"
719964312,Boys/men,There are no voices,There are no voices,There are no voices,There are no voices
719965694,Girls/women,BOTH spoken and sung,Adults (including young adults),Feminine,"No, all voices are normal-sounding"
719965545,Boys/men,BOTH spoken and sung,Adults (including young adults),Masculine,Yes a masculine voice is gender exaggerated
719963960,Girls/women,Spoken,Adults (including young adults),Feminine,"No, all voices are normal-sounding"
719963049,Girls/women,Spoken,Children,Feminine,"No, all voices are normal-sounding"
719968409,Mixed,Spoken,Adults (including young adults),Feminine,"No, all voices are normal-sounding"
719965318,Mixed,Spoken,Adults (including young adults),Feminine,"No, all voices are normal-sounding"
719969333,Girls/women,Spoken,Adults (including young adults),Feminine,"No, all voices are normal-sounding"
719969115,Mixed,Spoken,Adults (including young adults),Masculine,"No, all voices are normal-sounding"
719964643,Mixed,There are no voices,There are no voices,There are no voices,There are no voices
719962907,Mixed,Spoken,Adults (including young adults),Masculine,Yes a masculine voice is gender exaggerated
719962111,Girls/women,BOTH spoken and sung,Adults (including young adults),Feminine,"No, all voices are normal-sounding"
719959815,Boys/men,Spoken,Adults (including young adults),Masculine,"No, all voices are normal-sounding"
719969207,Mixed,BOTH spoken and sung,Adults (including young adults),Masculine,"No, all voices are normal-sounding"
719957942,Girls/women,Spoken,Adults (including young adults),Feminine,Yes a feminine voice is gender exaggerated
719963442,Mixed,Spoken,Adults (including young adults),Feminine,"No, all voices are normal-sounding"
719965135,Girls/women,BOTH spoken and sung,BOTH children and adults,Feminine,"No, all voices are normal-sounding"
719954293,Girls/women,Spoken,Adults (including young adults),Feminine,Yes a feminine voice is gender exaggerated
719967309,Mixed,Spoken,Adults (including young adults),Masculine,"No, all voices are normal-sounding"
718318485,Girls/women,Sung,Adults (including young adults),Feminine,Yes a feminine voice is gender exaggerated
719969728,Boys/men,Spoken,Adults (including young adults),Masculine,"No, all voices are normal-sounding"
719959371,Girls/women,Spoken,Adults (including young adults),Feminine,"No, all voices are normal-sounding"
719964535,Girls/women,Spoken,Adults (including young adults),Feminine,"No, all voices are normal-sounding"
719964552,There are no actors/presenters or you can never see their faces,Spoken,Adults (including young adults),Masculine,"No, all voices are normal-sounding"
719962457,Boys/men,Spoken,Adults (including young adults),Masculine,Yes a masculine voice is gender exaggerated
719964548,Mixed,Spoken,Adults (including young adults),Masculine,"No, all voices are normal-sounding"
719964226,Mixed,Spoken,Adults (including young adults),Masculine,"No, all voices are normal-sounding"
719963118,Girls/women,Spoken,Adults (including young adults),Feminine,"No, all voices are normal-sounding"
719970016,Mixed,Spoken,Adults (including young adults),BOTH feminine and masculine voices,"No, all voices are normal-sounding"
719962321,Girls/women,BOTH spoken and sung,BOTH children and adults,Feminine,Yes a feminine voice is gender exaggerated
719963133,Boys/men,Spoken,Adults (including young adults),Masculine,Yes a masculine voice is gender exaggerated
719971238,Mixed,Spoken,Adults (including young adults),Masculine,"No, all voices are normal-sounding"
719968149,Mixed,Spoken,Adults (including young adults),Masculine,"No, all voices are normal-sounding"
718318702,Mixed,BOTH spoken and sung,Adults (including young adults),Masculine,Yes a masculine voice is gender exaggerated
719967063,Girls/women,Spoken,Adults (including young adults),Feminine,"No, all voices are normal-sounding"
719963117,Girls/women,BOTH spoken and sung,Adults (including young adults),Feminine,"No, all voices are normal-sounding"
719968639,Boys/men,Spoken,Adults (including young adults),Masculine,"No, all voices are normal-sounding"
719968388,Boys/men,Spoken,Adults (including young adults),Masculine,Yes a masculine voice is gender exaggerated
719965535,There are no actors/presenters or you can never see their faces,Spoken,Adults (including young adults),Masculine,"No, all voices are normal-sounding"
719965333,Boys/men,Spoken,Adults (including young adults),Masculine,Yes a masculine voice is gender exaggerated
719970417,Girls/women,BOTH spoken and sung,Adults (including young adults),Feminine,Yes a feminine voice is gender exaggerated
719962915,Mixed,Spoken,Adults (including young adults),Masculine,"No, all voices are normal-sounding"
718318584,There are no actors/presenters or you can never see their faces,Spoken,Adults (including young adults),Masculine,"No, all voices are normal-sounding"
719962885,Mixed,Spoken,BOTH children and adults,Feminine,"No, all voices are normal-sounding"
719969859,Girls/women,Spoken,Adults (including young adults),Feminine,Yes a feminine voice is gender exaggerated
719962656,Mixed,Spoken,Children,Feminine,"No, all voices are normal-sounding"
719969101,Girls/women,BOTH spoken and sung,Adults (including young adults),Feminine,"No, all voices are normal-sounding"
719963719,Girls/women,Spoken,Adults (including young adults),Feminine,"No, all voices are normal-sounding"
719970131,Boys/men,Spoken,Adults (including young adults),Masculine,Yes a masculine voice is gender exaggerated
719970523,Mixed,Spoken,Adults (including young adults),Masculine,Yes a masculine voice is gender exaggerated
719970783,Girls/women,Spoken,Adults (including young adults),Feminine,"No, all voices are normal-sounding"
719962180,Girls/women,BOTH spoken and sung,Children,Feminine,"No, all voices are normal-sounding"
719966304,Boys/men,Spoken,Adults (including young adults),Masculine,Yes a masculine voice is gender exaggerated
719962109,Girls/women,Spoken,Adults (including young adults),Feminine,"No, all voices are normal-sounding"
719965239,Mixed,BOTH spoken and sung,Adults (including young adults),Feminine,Yes a feminine voice is gender exaggerated
719966402,Girls/women,Spoken,Adults (including young adults),Feminine,"No, all voices are normal-sounding"
719962599,Mixed,Sung,Children,Feminine,"No, all voices are normal-sounding"
719968990,There are no actors/presenters or you can never see their faces,Spoken,Adults (including young adults),Masculine,"No, all voices are normal-sounding"
719958469,Mixed,Spoken,Adults (including young adults),Masculine,"No, all voices are normal-sounding"
719958891,There are no actors/presenters or you can never see their faces,BOTH spoken and sung,Adults (including young adults),Feminine,"No, all voices are normal-sounding"
718318570,There are no actors/presenters or you can never see their faces,Spoken,BOTH children and adults,BOTH feminine and masculine voices,Yes a masculine voice is gender exaggerated
718318663,Girls/women,BOTH spoken and sung,Adults (including young adults),Feminine,Yes a feminine voice is gender exaggerated
719961997,Mixed,Spoken,Adults (including young adults),Masculine,"No, all voices are normal-sounding"
719962670,Mixed,Spoken,Adults (including young adults),Masculine,"No, all voices are normal-sounding"
719954959,Girls/women,BOTH spoken and sung,Adults (including young adults),Feminine,Yes a feminine voice is gender exaggerated
719956471,There are no actors/presenters or you can never see their faces,Spoken,Adults (including young adults),Masculine,Yes a masculine voice is gender exaggerated
719963389,Mixed,BOTH spoken and sung,Adults (including young adults),Feminine,"No, all voices are normal-sounding"
719963042,Boys/men,Spoken,Adults (including young adults),Masculine,"No, all voices are normal-sounding"
719962667,Girls/women,Spoken,Adults (including young adults),Feminine,"No, all voices are normal-sounding"
719971548,Girls/women,Spoken,Adults (including young adults),Feminine,Yes a feminine voice is gender exaggerated
719970946,Boys/men,Spoken,Adults (including young adults),Masculine,"No, all voices are normal-sounding"
719962009,Girls/women,Spoken,Children,Feminine,Yes a feminine voice is gender exaggerated
719969709,Boys/men,Spoken,Adults (including young adults),Masculine,Yes a masculine voice is gender exaggerated
719970803,Boys/men,Spoken,Adults (including young adults),Feminine,"No, all voices are normal-sounding"
719969555,Girls/women,BOTH spoken and sung,Adults (including young adults),Feminine,Yes a feminine voice is gender exaggerated
719969194,There are no actors/presenters or you can never see their faces,Spoken,Adults (including young adults),Masculine,"No, all voices are normal-sounding"
719970945,There are no actors/presenters or you can never see their faces,There are no voices,There are no voices,There are no voices,There are no voices
719964787,Boys/men,Spoken,Adults (including young adults),Masculine,"No, all voices are normal-sounding"
719962073,Boys/men,Spoken,Adults (including young adults),Masculine,Yes a masculine voice is gender exaggerated
719964393,Girls/women,Spoken,Children,Feminine,Yes a feminine voice is gender exaggerated
719967611,Mixed,Spoken,Adults (including young adults),BOTH feminine and masculine voices,"No, all voices are normal-sounding"
719970135,Girls/women,BOTH spoken and sung,BOTH children and adults,Feminine,Yes a feminine voice is gender exaggerated
719966490,There are no actors/presenters or you can never see their faces,There are no voices,There are no voices,There are no voices,There are no voices
719969855,Boys/men,Spoken,Adults (including young adults),Masculine,"No, all voices are normal-sounding"
719970001,Girls/women,Spoken,Adults (including young adults),Feminine,Yes a feminine voice is gender exaggerated
719969726,Girls/women,BOTH spoken and sung,Adults (including young adults),Feminine,Yes a feminine voice is gender exaggerated
719964780,Mixed,Spoken,Adults (including young adults),Masculine,"No, all voices are normal-sounding"
719965708,Mixed,Sung,Adults (including young adults),Masculine,"No, all voices are normal-sounding"
719966806,There are no actors/presenters or you can never see their faces,There are no voices,There are no voices,There are no voices,There are no voices
719964053,Girls/women,Spoken,Children,Feminine,Yes a feminine voice is gender exaggerated
719970408,Mixed,BOTH spoken and sung,Adults (including young adults),Feminine,Yes a feminine voice is gender exaggerated
719971367,There are no actors/presenters or you can never see their faces,There are no voices,There are no voices,There are no voices,There are no voices
719964330,Mixed,Spoken,Adults (including young adults),Masculine,"No, all voices are normal-sounding"
719963637,Girls/women,Spoken,Adults (including young adults),Feminine,"No, all voices are normal-sounding"
719967413,Mixed,Spoken,Adults (including young adults),Masculine,"No, all voices are normal-sounding"
719966986,Girls/women,BOTH spoken and sung,BOTH children and adults,Feminine,Yes a feminine voice is gender exaggerated
719961190,Mixed,Spoken,Adults (including young adults),Masculine,"No, all voices are normal-sounding"
719969850,Boys/men,BOTH spoken and sung,Adults (including young adults),Masculine,Yes a masculine voice is gender exaggerated
719965971,Boys/men,Spoken,Adults (including young adults),Masculine,Yes a masculine voice is gender exaggerated
719965614,There are no actors/presenters or you can never see their faces,There are no voices,There are no voices,There are no voices,There are no voices
719959820,Mixed,There are no voices,There are no voices,There are no voices,There are no voices
719954937,Girls/women,BOTH spoken and sung,Adults (including young adults),Feminine,"No, all voices are normal-sounding"
719964230,Mixed,Spoken,Adults (including young adults),Masculine,"No, all voices are normal-sounding"
719962315,Boys/men,There are no voices,There are no voices,There are no voices,There are no voices
719970944,Boys/men,There are no voices,There are no voices,There are no voices,There are no voices
719954587,Girls/women,Spoken,Adults (including young adults),Feminine,"No, all voices are normal-sounding"
719966822,Boys/men,Spoken,Adults (including young adults),Masculine,Yes a masculine voice is gender exaggerated
719963526,Mixed,Spoken,Adults (including young adults),Masculine,"No, all voices are normal-sounding"
719963962,Girls/women,BOTH spoken and sung,Adults (including young adults),Feminine,Yes a feminine voice is gender exaggerated
718318498,Girls/women,Spoken,Adults (including young adults),Feminine,"No, all voices are normal-sounding"
719970256,There are no actors/presenters or you can never see their faces,Sung,Adults (including young adults),Masculine,"No, all voices are normal-sounding"
719966078,Boys/men,BOTH spoken and sung,Adults (including young adults),Masculine,"No, all voices are normal-sounding"
719966697,Boys/men,Spoken,Adults (including young adults),Masculine,Yes a masculine voice is gender exaggerated
719966388,Boys/men,There are no voices,There are no voices,There are no voices,There are no voices
719968653,Mixed,Spoken,Adults (including young adults),Feminine,"No, all voices are normal-sounding"
719963811,Mixed,Spoken,Adults (including young adults),Masculine,Yes a masculine voice is gender exaggerated
719955898,Boys/men,Spoken,Adults (including young adults),Masculine,"No, all voices are normal-sounding"
719967410,Boys/men,Spoken,Adults (including young adults),Masculine,Yes a masculine voice is gender exaggerated
719958440,Girls/women,Spoken,Adults (including young adults),Masculine,"No, all voices are normal-sounding"
719962730,Girls/women,Spoken,Adults (including young adults),Feminine,"No, all voices are normal-sounding"
719960429,Boys/men,Spoken,Adults (including young adults),Masculine,Yes a masculine voice is gender exaggerated
719964974,There are no actors/presenters or you can never see their faces,Spoken,Children,Masculine,"No, all voices are normal-sounding"
719958471,Boys/men,Spoken,Adults (including young adults),Masculine,"No, all voices are normal-sounding"
719962179,Mixed,Spoken,Adults (including young adults),Masculine,"No, all voices are normal-sounding"
719964379,Girls/women,BOTH spoken and sung,BOTH children and adults,Feminine,"No, all voices are normal-sounding"
719958442,Mixed,Spoken,Adults (including young adults),Feminine,"No, all voices are normal-sounding"
719963743,Mixed,Spoken,Adults (including young adults),Masculine,"No, all voices are normal-sounding"
719969569,Boys/men,Spoken,Adults (including young adults),Masculine,Yes a masculine voice is gender exaggerated
719969199,Mixed,BOTH spoken and sung,Adults (including young adults),Feminine,Yes a feminine voice is gender exaggerated
719968763,Mixed,Spoken,Adults (including young adults),Masculine,"No, all voices are normal-sounding"
719967746,Boys/men,Spoken,Adults (including young adults),Masculine,Yes a masculine voice is gender exaggerated
719965228,Girls/women,Sung,Adults (including young adults),Feminine,"No, all voices are normal-sounding"
719963134,Mixed,Spoken,Adults (including young adults),Masculine,"No, all voices are normal-sounding"
719960446,There are no actors/presenters or you can never see their faces,There are no voices,There are no voices,There are no voices,There are no voices
719962586,Girls/women,Spoken,Adults (including young adults),Feminine,Yes a feminine voice is gender exaggerated
719964772,Boys/men,Spoken,Adults (including young adults),Masculine,Yes a masculine voice is gender exaggerated
719963899,There are no actors/presenters or you can never see their faces,Spoken,Adults (including young adults),Masculine,Yes a masculine voice is gender exaggerated
719970644,Girls/women,BOTH spoken and sung,Adults (including young adults),Feminine,Yes a feminine voice is gender exaggerated
718318552,Boys/men,There are no voices,There are no voices,There are no voices,There are no voices
719961939,Boys/men,Spoken,Adults (including young adults),Masculine,Yes a masculine voice is gender exaggerated
719965977,Boys/men,Spoken,Adults (including young adults),Masculine,"No, all voices are normal-sounding"
719966808,Girls/women,BOTH spoken and sung,Adults (including young adults),Feminine,Yes a feminine voice is gender exaggerated
719966381,Mixed,There are no voices,There are no voices,There are no voices,There are no voices
719969007,There are no actors/presenters or you can never see their faces,Spoken,Adults (including young adults),Masculine,"No, all voices are normal-sounding"
719970270,There are no actors/presenters or you can never see their faces,Spoken,Adults (including young adults),Masculine,Yes a masculine voice is gender exaggerated
719966882,There are no actors/presenters or you can never see their faces,Spoken,Adults (including young adults),Masculine,Yes a masculine voice is gender exaggerated
719968873,Mixed,There are no voices,There are no voices,There are no voices,There are no voices
719971383,Girls/women,BOTH spoken and sung,Adults (including young adults),BOTH feminine and masculine voices,Yes a feminine voice is gender exaggerated
719967627,Boys/men,Spoken,Adults (including young adults),Masculine,"No, all voices are normal-sounding"
719963741,There are no actors/presenters or you can never see their faces,BOTH spoken and sung,Adults (including young adults),Feminine,Yes a feminine voice is gender exaggerated
719954090,Boys/men,Spoken,Adults (including young adults),Masculine,Yes a masculine voice is gender exaggerated
719957927,Mixed,Spoken,Adults (including young adults),Masculine,"No, all voices are normal-sounding"
719961206,Boys/men,Spoken,Adults (including young adults),Masculine,"No, all voices are normal-sounding"
718318720,Mixed,BOTH spoken and sung,BOTH children and adults,BOTH feminine and masculine voices,"No, all voices are normal-sounding"
719964884,Boys/men,Spoken,Adults (including young adults),Masculine,"No, all voices are normal-sounding"
719962964,Mixed,Spoken,Adults (including young adults),BOTH feminine and masculine voices,"No, all voices are normal-sounding"
719963576,There are no actors/presenters or you can never see their faces,Sung,Adults (including young adults),Feminine,"No, all voices are normal-sounding"
719954044,Girls/women,BOTH spoken and sung,Adults (including young adults),Feminine,"No, all voices are normal-sounding"
719967402,Girls/women,Spoken,Adults (including young adults),Feminine,"No, all voices are normal-sounding"
719962833,Mixed,Spoken,Adults (including young adults),Masculine,"No, all voices are normal-sounding"
719968999,Boys/men,Spoken,Adults (including young adults),Masculine,"No, all voices are normal-sounding"
718318699,Boys/men,Spoken,Adults (including young adults),Masculine,Yes a masculine voice is gender exaggerated
719967873,Boys/men,Spoken,Adults (including young adults),Masculine,"No, all voices are normal-sounding"
719962971,Mixed,Spoken,Adults (including young adults),Masculine,"No, all voices are normal-sounding"
719967505,Boys/men,Spoken,Adults (including young adults),Masculine,"No, all voices are normal-sounding"
719964218,Mixed,Spoken,Adults (including young adults),Masculine,"No, all voices are normal-sounding"
719969992,Girls/women,BOTH spoken and sung,Adults (including young adults),Feminine,"No, all voices are normal-sounding"
719965057,There are no actors/presenters or you can never see their faces,BOTH spoken and sung,Adults (including young adults),Feminine,Yes a feminine voice is gender exaggerated
719964117,Mixed,BOTH spoken and sung,BOTH children and adults,BOTH feminine and masculine voices,"No, all voices are normal-sounding"
719962982,There are no actors/presenters or you can never see their faces,Sung,Adults (including young adults),Masculine,"No, all voices are normal-sounding"
719970789,Mixed,There are no voices,There are no voices,There are no voices,There are no voices
719959800,Girls/women,Sung,Adults (including young adults),Feminine,Yes a feminine voice is gender exaggerated
719971095,Boys/men,Spoken,Adults (including young adults),Masculine,"No, all voices are normal-sounding"
719962255,There are no actors/presenters or you can never see their faces,Sung,Adults (including young adults),Feminine,"No, all voices are normal-sounding"
718318586,Girls/women,Spoken,Adults (including young adults),Feminine,"No, all voices are normal-sounding"
719968179,Mixed,Spoken,Adults (including young adults),Masculine,"No, all voices are normal-sounding"
719967736,Mixed,There are no voices,There are no voices,There are no voices,There are no voices
719968399,Girls/women,Spoken,Adults (including young adults),Feminine,Yes a feminine voice is gender exaggerated
719968397,Girls/women,Spoken,Children,Feminine,"No, all voices are normal-sounding"
719964137,Mixed,Spoken,Adults (including young adults),Masculine,"No, all voices are normal-sounding"
719963461,There are no actors/presenters or you can never see their faces,BOTH spoken and sung,Adults (including young adults),Feminine,Yes a feminine voice is gender exaggerated
719955263,Mixed,Spoken,Adults (including young adults),Masculine,"No, all voices are normal-sounding"
719967202,Mixed,BOTH spoken and sung,Adults (including young adults),Feminine,Yes a feminine voice is gender exaggerated
719967062,Boys/men,Spoken,Adults (including young adults),Masculine,"No, all voices are normal-sounding"
719966974,There are no actors/presenters or you can never see their faces,Spoken,Adults (including young adults),Masculine,"No, all voices are normal-sounding"
719962829,Girls/women,Spoken,Children,Feminine,"No, all voices are normal-sounding"
719962584,Boys/men,Spoken,Adults (including young adults),Masculine,Yes a masculine voice is gender exaggerated
719965143,Boys/men,BOTH spoken and sung,BOTH children and adults,Masculine,"No, all voices are normal-sounding"
719962184,Mixed,Spoken,Adults (including young adults),Masculine,"No, all voices are normal-sounding"
719965980,Mixed,Spoken,Adults (including young adults),Feminine,"No, all voices are normal-sounding"
719968406,Girls/women,BOTH spoken and sung,Adults (including young adults),BOTH feminine and masculine voices,Yes a feminine voice is gender exaggerated
719962728,Mixed,Spoken,Adults (including young adults),Masculine,"No, all voices are normal-sounding"
719964964,Mixed,Spoken,Adults (including young adults),Feminine,"No, all voices are normal-sounding"
719962320,Girls/women,BOTH spoken and sung,Adults (including young adults),Feminine,Yes a feminine voice is gender exaggerated
719963907,Boys/men,Spoken,Adults (including young adults),Masculine,Yes a masculine voice is gender exaggerated
719959364,Girls/women,Spoken,Children,Feminine,Yes a feminine voice is gender exaggerated
719962891,Mixed,Spoken,Adults (including young adults),Feminine,Yes a feminine voice is gender exaggerated
719970963,Girls/women,BOTH spoken and sung,Adults (including young adults),Feminine,Yes a feminine voice is gender exaggerated
719965706,Mixed,Spoken,Adults (including young adults),Masculine,"No, all voices are normal-sounding"
718318529,Mixed,Spoken,Adults (including young adults),Masculine,Yes a masculine voice is gender exaggerated
718318645,Mixed,Spoken,Adults (including young adults),Feminine,"No, all voices are normal-sounding"
719964122,Girls/women,Spoken,Children,Feminine,"No, all voices are normal-sounding"
719965691,Mixed,BOTH spoken and sung,BOTH children and adults,Masculine,"No, all voices are normal-sounding"
719971727,Boys/men,There are no voices,There are no voices,There are no voices,There are no voices
719971527,Boys/men,There are no voices,There are no voices,There are no voices,There are no voices
719960433,Boys/men,Spoken,Adults (including young adults),Masculine,"No, all voices are normal-sounding"
719967515,There are no actors/presenters or you can never see their faces,Spoken,Adults (including young adults),Feminine,Yes a feminine voice is gender exaggerated
719970391,Boys/men,There are no voices,There are no voices,There are no voices,There are no voices
719962269,Girls/women,Spoken,Adults (including young adults),Feminine,"No, all voices are normal-sounding"
719971112,There are no actors/presenters or you can never see their faces,Spoken,Adults (including young adults),Masculine,"No, all voices are normal-sounding"
718318634,Girls/women,Sung,Adults (including young adults),Feminine,"No, all voices are normal-sounding"
719964311,Girls/women,BOTH spoken and sung,Adults (including young adults),Feminine,"No, all voices are normal-sounding"
719963187,Mixed,Spoken,Adults (including young adults),Feminine,Yes a feminine voice is gender exaggerated
719970517,There are no actors/presenters or you can never see their faces,Spoken,Adults (including young adults),BOTH feminine and masculine voices,"No, all voices are normal-sounding"
719955897,Girls/women,Spoken,Adults (including young adults),Feminine,"No, all voices are normal-sounding"
719962681,Mixed,Spoken,Adults (including young adults),Feminine,Yes a feminine voice is gender exaggerated
719966615,Girls/women,Spoken,BOTH children and adults,Feminine,Yes a feminine voice is gender exaggerated
719966506,Girls/women,Spoken,Adults (including young adults),Feminine,"No, all voices are normal-sounding"
719962129,Boys/men,Spoken,Adults (including young adults),Masculine,"No, all voices are normal-sounding"
719969434,Mixed,Spoken,Adults (including young adults),Feminine,"No, all voices are normal-sounding"
719962375,Mixed,Spoken,Adults (including young adults),Feminine,"No, all voices are normal-sounding"
719970269,Boys/men,Spoken,Adults (including young adults),Masculine,"No, all voices are normal-sounding"
719970126,Boys/men,There are no voices,There are no voices,There are no voices,There are no voices
719967516,Boys/men,Spoken,Adults (including young adults),Masculine,Yes a masculine voice is gender exaggerated
719957943,Mixed,Spoken,Adults (including young adults),Masculine,"No, all voices are normal-sounding"
719967214,Boys/men,Spoken,Adults (including young adults),Masculine,"No, all voices are normal-sounding"
719963463,Mixed,There are no voices,There are no voices,There are no voices,There are no voices
719971735,Boys/men,Spoken,Children,Masculine,"No, all voices are normal-sounding"
718318756,There are no actors/presenters or you can never see their faces,BOTH spoken and sung,Adults (including young adults),Masculine,Yes a masculine voice is gender exaggerated
719962393,Girls/women,Sung,Adults (including young adults),Feminine,Yes a feminine voice is gender exaggerated
719965133,Mixed,Spoken,Adults (including young adults),Masculine,"No, all voices are normal-sounding"
719963639,Mixed,Spoken,Adults (including young adults),Masculine,"No, all voices are normal-sounding"
719970652,Boys/men,Spoken,Adults (including young adults),BOTH feminine and masculine voices,Yes a masculine voice is gender exaggerated
719962126,There are no actors/presenters or you can never see their faces,Sung,Adults (including young adults),Feminine,"No, all voices are normal-sounding"
719965881,Girls/women,BOTH spoken and sung,BOTH children and adults,Feminine,"No, all voices are normal-sounding"
719963633,Boys/men,Spoken,Adults (including young adults),Masculine,"No, all voices are normal-sounding"
719965335,Girls/women,Spoken,Adults (including young adults),Feminine,"No, all voices are normal-sounding"
719968753,Boys/men,Spoken,Adults (including young adults),Masculine,"No, all voices are normal-sounding"
719961938,Mixed,Spoken,Adults (including young adults),Masculine,"No, all voices are normal-sounding"
719966293,Girls/women,BOTH spoken and sung,BOTH children and adults,Feminine,"No, all voices are normal-sounding"
719966711,Boys/men,Spoken,Adults (including young adults),Masculine,"No, all voices are normal-sounding"
719962811,Mixed,Spoken,Adults (including young adults),Masculine,"No, all voices are normal-sounding"
719963300,Girls/women,There are no voices,There are no voices,There are no voices,There are no voices
719967616,Mixed,BOTH spoken and sung,Adults (including young adults),Masculine,"No, all voices are normal-sounding"
719966187,Boys/men,Spoken,Adults (including young adults),Masculine,"No, all voices are normal-sounding"
719959801,Boys/men,Spoken,Adults (including young adults),Masculine,Yes a masculine voice is gender exaggerated
719970795,There are no actors/presenters or you can never see their faces,Spoken,Adults (including young adults),Masculine,"No, all voices are normal-sounding"
719967285,Mixed,BOTH spoken and sung,Adults (including young adults),BOTH feminine and masculine voices,"No, all voices are normal-sounding"
719965481,Mixed,Spoken,Adults (including young adults),Masculine,"No, all voices are normal-sounding"
719966608,Mixed,Spoken,Adults (including young adults),Masculine,"No, all voices are normal-sounding"
719962335,Boys/men,Spoken,Adults (including young adults),Masculine,"No, all voices are normal-sounding"
719962888,Mixed,Spoken,Adults (including young adults),Feminine,"No, all voices are normal-sounding"
719967069,Girls/women,Spoken,Children,Feminine,"No, all voices are normal-sounding"
719962502,There are no actors/presenters or you can never see their faces,Spoken,Adults (including young adults),Masculine,"No, all voices are normal-sounding"
719965048,There are no actors/presenters or you can never see their faces,Spoken,Adults (including young adults),Masculine,Yes a masculine voice is gender exaggerated
719963531,There are no actors/presenters or you can never see their faces,Spoken,Adults (including young adults),Masculine,Yes a masculine voice is gender exaggerated
719968157,Mixed,Spoken,Adults (including young adults),Feminine,"No, all voices are normal-sounding"
719964476,Girls/women,BOTH spoken and sung,Adults (including young adults),Feminine,"No, all voices are normal-sounding"
719970146,Mixed,Spoken,Children,BOTH feminine and masculine voices,"No, all voices are normal-sounding"
719962530,Boys/men,Spoken,Adults (including young adults),Masculine,"No, all voices are normal-sounding"
719962243,Girls/women,Spoken,Adults (including young adults),Feminine,"No, all voices are normal-sounding"
719965693,Mixed,Spoken,Adults (including young adults),Feminine,Yes a feminine voice is gender exaggerated
719971517,There are no actors/presenters or you can never see their faces,There are no voices,There are no voices,There are no voices,There are no voices
719959387,Girls/women,Sung,Adults (including young adults),Feminine,"No, all voices are normal-sounding"
719969210,Boys/men,There are no voices,There are no voices,There are no voices,There are no voices
719963287,Mixed,Spoken,Adults (including young adults),Feminine,"No, all voices are normal-sounding"
719966809,There are no actors/presenters or you can never see their faces,Sung,Adults (including young adults),Feminine,"No, all voices are normal-sounding"
719954932,There are no actors/presenters or you can never see their faces,Spoken,Adults (including young adults),Masculine,"No, all voices are normal-sounding"
718318536,Girls/women,Spoken,Children,Feminine,"No, all voices are normal-sounding"
719970143,Mixed,Spoken,Adults (including young adults),Masculine,"No, all voices are normal-sounding"
719967424,Girls/women,BOTH spoken and sung,Adults (including young adults),Feminine,"No, all voices are normal-sounding"
719954936,Mixed,BOTH spoken and sung,BOTH children and adults,BOTH feminine and masculine voices,"No, all voices are normal-sounding"
719966059,Mixed,Spoken,Adults (including young adults),Masculine,"No, all voices are normal-sounding"
719969338,Girls/women,BOTH spoken and sung,Adults (including young adults),Feminine,"No, all voices are normal-sounding"
718318623,There are no actors/presenters or you can never see their faces,There are no voices,There are no voices,There are no voices,There are no voices
719965860,There are no actors/presenters or you can never see their faces,BOTH spoken and sung,Adults (including young adults),Feminine,Yes a feminine voice is gender exaggerated
719971101,Boys/men,There are no voices,There are no voices,There are no voices,There are no voices
719962407,Boys/men,Spoken,Adults (including young adults),Masculine,"No, all voices are normal-sounding"
719965465,Boys/men,Spoken,Adults (including young adults),Masculine,"No, all voices are normal-sounding"
719968783,Boys/men,Spoken,Adults (including young adults),Masculine,"No, all voices are normal-sounding"
719962523,Girls/women,Spoken,Adults (including young adults),Feminine,"No, all voices are normal-sounding"
719969102,Boys/men,Spoken,BOTH children and adults,Masculine,Yes a masculine voice is gender exaggerated
719955283,Girls/women,Spoken,Adults (including young adults),Feminine,"No, all voices are normal-sounding"
719963374,There are no actors/presenters or you can never see their faces,Sung,Adults (including young adults),Masculine,"No, all voices are normal-sounding"
719966509,Boys/men,Spoken,BOTH children and adults,Masculine,"No, all voices are normal-sounding"
719962062,Boys/men,Spoken,BOTH children and adults,Masculine,Yes a masculine voice is gender exaggerated
718318677,Boys/men,Spoken,Adults (including young adults),Masculine,"No, all voices are normal-sounding"
719969104,Boys/men,Spoken,Adults (including young adults),Masculine,Yes a masculine voice is gender exaggerated
719962994,Mixed,BOTH spoken and sung,Adults (including young adults),Masculine,"No, all voices are normal-sounding"
719965407,Boys/men,Spoken,Adults (including young adults),Masculine,"No, all voices are normal-sounding"
719956482,Mixed,Spoken,Adults (including young adults),Feminine,"No, all voices are normal-sounding"
719964626,Girls/women,Spoken,Adults (including young adults),Feminine,"No, all voices are normal-sounding"
719969430,Boys/men,Spoken,BOTH children and adults,Masculine,"No, all voices are normal-sounding"
719967201,Boys/men,Spoken,Adults (including young adults),Masculine,Yes a masculine voice is gender exaggerated
719964207,Boys/men,Spoken,Adults (including young adults),Masculine,"No, all voices are normal-sounding"
719969323,Girls/women,Spoken,Adults (including young adults),Feminine,"No, all voices are normal-sounding"
719961949,Boys/men,There are no voices,There are no voices,There are no voices,There are no voices
719962397,Mixed,BOTH spoken and sung,Adults (including young adults),Masculine,"No, all voices are normal-sounding"
719961192,Mixed,Spoken,Adults (including young adults),Feminine,"No, all voices are normal-sounding"
719965480,Mixed,Spoken,Adults (including young adults),BOTH feminine and masculine voices,"No, all voices are normal-sounding"
719964378,Girls/women,Spoken,Adults (including young adults),Feminine,Yes a feminine voice is gender exaggerated
719964625,Mixed,Spoken,Adults (including young adults),Feminine,"No, all voices are normal-sounding"
719961951,Mixed,Spoken,Adults (including young adults),Masculine,"No, all voices are normal-sounding"
719962810,Mixed,There are no voices,There are no voices,There are no voices,There are no voices
719954307,Girls/women,Spoken,Adults (including young adults),Masculine,"No, all voices are normal-sounding"
719966821,Boys/men,Spoken,Adults (including young adults),Masculine,"No, all voices are normal-sounding"
719965967,Girls/women,Sung,Children,Feminine,Yes a feminine voice is gender exaggerated
719954589,There are no actors/presenters or you can never see their faces,Spoken,Adults (including young adults),Masculine,"No, all voices are normal-sounding"
719962329,Girls/women,Spoken,Children,Feminine,Yes a feminine voice is gender exaggerated
719964118,Boys/men,There are no voices,There are no voices,There are no voices,There are no voices
719965227,Mixed,BOTH spoken and sung,Adults (including young adults),Feminine,"No, all voices are normal-sounding"
718318533,Girls/women,BOTH spoken and sung,Adults (including young adults),Feminine,"No, all voices are normal-sounding"
719964707,Mixed,Spoken,Adults (including young adults),Feminine,"No, all voices are normal-sounding"
719963582,Mixed,Spoken,BOTH children and adults,BOTH feminine and masculine voices,"No, all voices are normal-sounding"
719968167,There are no actors/presenters or you can never see their faces,Spoken,Adults (including young adults),Masculine,Yes a masculine voice is gender exaggerated
719962273,Boys/men,Spoken,Adults (including young adults),Masculine,Yes a masculine voice is gender exaggerated
719969427,Mixed,Sung,Adults (including young adults),Feminine,Yes a feminine voice is gender exaggerated
719962598,Boys/men,Spoken,BOTH children and adults,BOTH feminine and masculine voices,"No, all voices are normal-sounding"
719969442,Mixed,Spoken,Adults (including young adults),Masculine,"No, all voices are normal-sounding"
719968267,Mixed,Spoken,Adults (including young adults),Masculine,"No, all voices are normal-sounding"
719967312,Boys/men,Spoken,Adults (including young adults),Masculine,Yes a masculine voice is gender exaggerated
719969865,Mixed,Spoken,Children,Feminine,"No, all voices are normal-sounding"
719965773,Boys/men,Spoken,Adults (including young adults),Masculine,Yes a masculine voice is gender exaggerated
719961211,There are no actors/presenters or you can never see their faces,BOTH spoken and sung,Adults (including young adults),Feminine,Yes a feminine voice is gender exaggerated
719961996,There are no actors/presenters or you can never see their faces,Spoken,Adults (including young adults),Feminine,"No, all voices are normal-sounding"
719968516,Boys/men,There are no voices,There are no voices,There are no voices,There are no voices
719965775,Boys/men,There are no voices,There are no voices,There are no voices,There are no voices
719967422,Mixed,BOTH spoken and sung,Adults (including young adults),Feminine,Yes a feminine voice is gender exaggerated
719963979,Boys/men,Spoken,Adults (including young adults),Masculine,Yes a masculine voice is gender exaggerated
719962515,Mixed,Spoken,Adults (including young adults),Masculine,"No, all voices are normal-sounding"
719954284,Boys/men,Spoken,Adults (including young adults),Feminine,"No, all voices are normal-sounding"
719966485,Girls/women,Spoken,Children,Feminine,"No, all voices are normal-sounding"
719956468,Mixed,There are no voices,There are no voices,There are no voices,There are no voices
719964701,Girls/women,BOTH spoken and sung,BOTH children and adults,Feminine,"No, all voices are normal-sounding"
719968880,There are no actors/presenters or you can never see their faces,Spoken,Adults (including young adults),Masculine,"No, all voices are normal-sounding"
719955264,Mixed,BOTH spoken and sung,Adults (including young adults),BOTH feminine and masculine voices,"No, all voices are normal-sounding"
719968995,Mixed,BOTH spoken and sung,Adults (including young adults),Masculine,"No, all voices are normal-sounding"
719970019,There are no actors/presenters or you can never see their faces,There are no voices,There are no voices,There are no voices,There are no voices
719963522,Mixed,BOTH spoken and sung,Adults (including young adults),Feminine,"No, all voices are normal-sounding"
719963365,Girls/women,Spoken,Adults (including young adults),Feminine,Yes a feminine voice is gender exaggerated
719964038,Girls/women,Spoken,Adults (including young adults),Feminine,Yes a feminine voice is gender exaggerated
719968030,There are no actors/presenters or you can never see their faces,Spoken,Children,Masculine,"No, all voices are normal-sounding"
719958903,Girls/women,Spoken,Adults (including young adults),Feminine,"No, all voices are normal-sounding"
719967300,There are no actors/presenters or you can never see their faces,Spoken,Adults (including young adults),Feminine,"No, all voices are normal-sounding"
719965045,Girls/women,BOTH spoken and sung,Adults (including young adults),Feminine,Yes a feminine voice is gender exaggerated
719962257,Girls/women,Spoken,Adults (including young adults),Feminine,"No, all voices are normal-sounding"
719966486,Mixed,BOTH spoken and sung,Adults (including young adults),Feminine,"No, all voices are normal-sounding"
719968765,Boys/men,Spoken,Adults (including young adults),Masculine,Yes a masculine voice is gender exaggerated
719961934,Mixed,Spoken,Adults (including young adults),Masculine,"No, all voices are normal-sounding"
719955914,There are no actors/presenters or you can never see their faces,Spoken,Adults (including young adults),Masculine,"No, all voices are normal-sounding"
719966306,Mixed,Spoken,Adults (including young adults),Feminine,"No, all voices are normal-sounding"
719971386,Mixed,There are no voices,There are no voices,There are no voices,There are no voices
719964695,Mixed,BOTH spoken and sung,BOTH children and adults,BOTH feminine and masculine voices,"No, all voices are normal-sounding"
719962114,There are no actors/presenters or you can never see their faces,Spoken,Adults (including young adults),Masculine,"No, all voices are normal-sounding"
719964467,Girls/women,Spoken,Children,Feminine,Yes a feminine voice is gender exaggerated
719963450,Mixed,Spoken,Adults (including young adults),Masculine,Yes a masculine voice is gender exaggerated
719963967,Mixed,Spoken,Adults (including young adults),Feminine,"No, all voices are normal-sounding"
719963052,Girls/women,BOTH spoken and sung,Adults (including young adults),Feminine,Yes a feminine voice is gender exaggerated
719957518,Girls/women,Sung,Children,Feminine,"No, all voices are normal-sounding"
719954567,Girls/women,Spoken,BOTH children and adults,Feminine,Yes a feminine voice is gender exaggerated
719971243,Boys/men,Spoken,Adults (including young adults),Masculine,Yes a masculine voice is gender exaggerated
719960445,Mixed,Spoken,Adults (including young adults),Masculine,"No, all voices are normal-sounding"
718318514,Boys/men,Spoken,Children,Masculine,"No, all voices are normal-sounding"
719971742,Mixed,Spoken,Children,BOTH feminine and masculine voices,"No, all voices are normal-sounding"
719963818,Mixed,Spoken,Adults (including young adults),Masculine,"No, all voices are normal-sounding"
719965222,Mixed,Spoken,Adults (including young adults),Masculine,"No, all voices are normal-sounding"
719957516,Boys/men,Spoken,Adults (including young adults),Masculine,Yes a masculine voice is gender exaggerated
719971728,There are no actors/presenters or you can never see their faces,There are no voices,There are no voices,There are no voices,There are no voices
719966287,Mixed,Spoken,Adults (including young adults),Masculine,"No, all voices are normal-sounding"
719969329,Boys/men,Spoken,Adults (including young adults),Masculine,Yes a masculine voice is gender exaggerated
719959797,There are no actors/presenters or you can never see their faces,Sung,Adults (including young adults),Feminine,"No, all voices are normal-sounding"
719963585,Boys/men,Spoken,Adults (including young adults),Masculine,"No, all voices are normal-sounding"
719967501,Girls/women,Spoken,Adults (including young adults),Feminine,"No, all voices are normal-sounding"
719963806,Boys/men,Spoken,Adults (including young adults),Masculine,Yes a masculine voice is gender exaggerated
719964136,Girls/women,BOTH spoken and sung,Adults (including young adults),Feminine,Yes a feminine voice is gender exaggerated
719967615,Girls/women,BOTH spoken and sung,Adults (including young adults),Feminine,"No, all voices are normal-sounding"
719968271,Boys/men,Spoken,Adults (including young adults),Masculine,Yes a masculine voice is gender exaggerated
719964037,Mixed,Spoken,Adults (including young adults),Masculine,"No, all voices are normal-sounding"
719968514,Girls/women,Sung,Adults (including young adults),Feminine,Yes a feminine voice is gender exaggerated
719970964,Girls/women,Sung,Adults (including young adults),Feminine,"No, all voices are normal-sounding"
719963721,Mixed,Spoken,Adults (including young adults),Feminine,"No, all voices are normal-sounding"
719964717,Girls/women,Spoken,BOTH children and adults,Feminine,"No, all voices are normal-sounding"
719969113,Boys/men,Spoken,Adults (including young adults),Masculine,"No, all voices are normal-sounding"
719966062,Mixed,Spoken,Adults (including young adults),Masculine,"No, all voices are normal-sounding"
719962817,Mixed,Spoken,BOTH children and adults,BOTH feminine and masculine voices,"No, all voices are normal-sounding"
719967296,There are no actors/presenters or you can never see their faces,Spoken,Adults (including young adults),Masculine,Yes a masculine voice is gender exaggerated
719955889,Girls/women,Spoken,Adults (including young adults),Feminine,"No, all voices are normal-sounding"
719965242,Mixed,Spoken,Adults (including young adults),Feminine,"No, all voices are normal-sounding"
719962046,Mixed,Spoken,Adults (including young adults),Masculine,"No, all voices are normal-sounding"
719963830,Mixed,BOTH spoken and sung,Adults (including young adults),Feminine,"No, all voices are normal-sounding"
719966175,Girls/women,BOTH spoken and sung,Adults (including young adults),Feminine,"No, all voices are normal-sounding"
719962751,Girls/women,Sung,Adults (including young adults),Feminine,"No, all voices are normal-sounding"
718318705,There are no actors/presenters or you can never see their faces,There are no voices,There are no voices,There are no voices,There are no voices
719963445,Boys/men,Spoken,Adults (including young adults),Masculine,Yes a masculine voice is gender exaggerated
719970000,Girls/women,Spoken,Adults (including young adults),Feminine,Yes a feminine voice is gender exaggerated
719962576,There are no actors/presenters or you can never see their faces,Spoken,Adults (including young adults),Masculine,Yes a masculine voice is gender exaggerated
719969015,Mixed,Spoken,Adults (including young adults),Masculine,"No, all voices are normal-sounding"
719969706,There are no actors/presenters or you can never see their faces,Spoken,Adults (including young adults),Masculine,"No, all voices are normal-sounding"
719955904,Girls/women,Sung,Adults (including young adults),Feminine,Yes a feminine voice is gender exaggerated
719968898,Boys/men,Spoken,Adults (including young adults),Masculine,Yes a masculine voice is gender exaggerated
719971108,There are no actors/presenters or you can never see their faces,Spoken,Adults (including young adults),Masculine,"No, all voices are normal-sounding"
718318565,Mixed,Spoken,Adults (including young adults),Masculine,"No, all voices are normal-sounding"
719971528,Boys/men,Spoken,Adults (including young adults),Masculine,Yes a masculine voice is gender exaggerated
719966389,Mixed,Spoken,Children,Feminine,Yes a feminine voice is gender exaggerated
719962048,Mixed,Spoken,BOTH children and adults,BOTH feminine and masculine voices,"No, all voices are normal-sounding"
719961210,There are no actors/presenters or you can never see their faces,There are no voices,There are no voices,There are no voices,There are no voices
719966998,Mixed,Spoken,Adults (including young adults),Masculine,Yes a masculine voice is gender exaggerated
719968642,Girls/women,BOTH spoken and sung,Adults (including young adults),Feminine,Yes a feminine voice is gender exaggerated
719963296,There are no actors/presenters or you can never see their faces,Sung,Adults (including young adults),Feminine,"No, all voices are normal-sounding"
719964871,Girls/women,Spoken,Adults (including young adults),Masculine,"No, all voices are normal-sounding"
719966715,Mixed,Spoken,Adults (including young adults),Masculine,"No, all voices are normal-sounding"
719967075,Girls/women,Spoken,Adults (including young adults),Feminine,Yes a feminine voice is gender exaggerated
719966188,There are no actors/presenters or you can never see their faces,Spoken,Adults (including young adults),Masculine,Yes a masculine voice is gender exaggerated
719963278,Mixed,Spoken,Adults (including young adults),Masculine,"No, all voices are normal-sounding"
719966080,Mixed,Spoken,Adults (including young adults),Feminine,"No, all voices are normal-sounding"
719968287,Mixed,Spoken,Adults (including young adults),Masculine,"No, all voices are normal-sounding"
719965631,Mixed,Sung,Children,BOTH feminine and masculine voices,"No, all voices are normal-sounding"
719965322,Boys/men,Spoken,Adults (including young adults),Masculine,"No, all voices are normal-sounding"
719964888,Mixed,Spoken,Adults (including young adults),Masculine,"No, all voices are normal-sounding"
719963193,Girls/women,Spoken,Children,Feminine,Yes a feminine voice is gender exaggerated
719964966,Girls/women,Spoken,Adults (including young adults),Feminine,Yes a feminine voice is gender exaggerated
719965467,Girls/women,Spoken,Adults (including young adults),Feminine,"No, all voices are normal-sounding"
719966893,There are no actors/presenters or you can never see their faces,Spoken,Adults (including young adults),BOTH feminine and masculine voices,"No, all voices are normal-sounding"
719967876,Girls/women,Spoken,Adults (including young adults),Feminine,"No, all voices are normal-sounding"
719970278,Mixed,BOTH spoken and sung,Adults (including young adults),Masculine,"No, all voices are normal-sounding"
719965463,Girls/women,BOTH spoken and sung,Adults (including young adults),Feminine,Yes a feminine voice is gender exaggerated
719967892,There are no actors/presenters or you can never see their faces,There are no voices,There are no voices,There are no voices,There are no voices
718318583,Mixed,Spoken,Adults (including young adults),Masculine,"No, all voices are normal-sounding"
719962201,Girls/women,Spoken,Adults (including young adults),Feminine,Yes a feminine voice is gender exaggerated
719965544,Girls/women,Sung,Children,Feminine,Yes a feminine voice is gender exaggerated
719964870,Mixed,Spoken,Children,Unclear,"No, all voices are normal-sounding"
719971369,There are no actors/presenters or you can never see their faces,Spoken,Adults (including young adults),Masculine,"No, all voices are normal-sounding"
719963590,Mixed,Spoken,Adults (including young adults),Masculine,"No, all voices are normal-sounding"
719969439,Boys/men,Spoken,Adults (including young adults),Masculine,"No, all voices are normal-sounding"
719963888,Mixed,Spoken,Adults (including young adults),Masculine,"No, all voices are normal-sounding"
719963724,There are no actors/presenters or you can never see their faces,Spoken,Adults (including young adults),Masculine,Yes a masculine voice is gender exaggerated
719963045,Boys/men,Spoken,Adults (including young adults),Masculine,"No, all voices are normal-sounding"
719970804,Girls/women,Spoken,Adults (including young adults),Feminine,"No, all voices are normal-sounding"
719969554,Mixed,BOTH spoken and sung,Adults (including young adults),Feminine,"No, all voices are normal-sounding"
719966585,Girls/women,BOTH spoken and sung,Adults (including young adults),Feminine,Yes a feminine voice is gender exaggerated
719954297,Mixed,Spoken,Adults (including young adults),Masculine,"No, all voices are normal-sounding"
718318571,Boys/men,Spoken,Adults (including young adults),Masculine,"No, all voices are normal-sounding"
719965415,Boys/men,Spoken,Adults (including young adults),Masculine,Yes a masculine voice is gender exaggerated
719962738,Mixed,Spoken,Adults (including young adults),Masculine,Yes a masculine voice is gender exaggerated
719967864,Mixed,Spoken,Adults (including young adults),Masculine,Yes a masculine voice is gender exaggerated
719963393,Boys/men,Spoken,Adults (including young adults),Masculine,"No, all voices are normal-sounding"
719954571,Boys/men,Spoken,Adults (including young adults),Masculine,Yes a masculine voice is gender exaggerated
719964398,Mixed,Spoken,Adults (including young adults),Feminine,Yes a feminine voice is gender exaggerated
719970533,Girls/women,BOTH spoken and sung,Adults (including young adults),Feminine,"No, all voices are normal-sounding"
719959378,Mixed,Spoken,Adults (including young adults),Masculine,Yes a masculine voice is gender exaggerated
719969714,There are no actors/presenters or you can never see their faces,Sung,Adults (including young adults),Feminine,"No, all voices are normal-sounding"
719967759,Girls/women,BOTH spoken and sung,Adults (including young adults),Feminine,Yes a feminine voice is gender exaggerated
719958439,Mixed,BOTH spoken and sung,Adults (including young adults),Feminine,"No, all voices are normal-sounding"
719956478,Boys/men,Spoken,Adults (including young adults),Masculine,"No, all voices are normal-sounding"
719965624,Boys/men,Spoken,Adults (including young adults),Masculine,Yes a masculine voice is gender exaggerated
719965784,Mixed,Spoken,Adults (including young adults),Masculine,Yes a masculine voice is gender exaggerated
719966292,Mixed,Spoken,Adults (including young adults),Masculine,"No, all voices are normal-sounding"
719964304,Girls/women,Spoken,Adults (including young adults),Feminine,"No, all voices are normal-sounding"
719962200,Mixed,Spoken,Adults (including young adults),Masculine,"No, all voices are normal-sounding"
719963890,Mixed,Spoken,Adults (including young adults),Masculine,"No, all voices are normal-sounding"
